{
  "_id": 251,
  "name": "FreezeFrame",
  "mod ": "1.3.8",
  "vrchatversion": "2201",
  "loaderversion": "v0.5.4",
  "modtype": "Mod",
  "author": "Eric van Fandenfart",
  "description": "Creates a Freeze Frame locally of avatars in a world by creating a copy of each avatar. The avatar is in the state the Freeze Frame was activated. Freeze Frames can be stacked and all Freeze Frames can be deleted afterward.\nThe buttons to create an delete Freeze Frames are found in the action menu and on the player quick menu\nIts also possible to record animations and play them back afterwards\n\n With [VRCWS](https://github.com/Er1807/VRCWS) the event of taking a freeze is synchronized between all members in the lobby that also have VRCWS and FreezeFrame and are connected to the same VRCWS server",
  "searchtags": [
    "Camera", "Freeze"
  ],
  "requirements": [
    "[ActionMenuApi](https://github.com/gompocp/ActionMenuApi)"
  ],
  "downloadlink": "https://github.com/Er1807/FreezeFrame/releases/download/v1.3.8/FreezeFrame.dll",
  "sourcelink": "https://github.com/Er1807/FreezeFrame",
  "changelog": "Rebuild for 2201\n Added SkipFrame config option to make recordings a bit smoother",
  "embedcolor": "7F60CA"
}